{"initial_reset_timestamp": 1602530029.118534, "timestamps": [1602530043.0284312, 1602530051.7137973, 1602530056.1098578, 1602530063.323182, 1602530071.7921772, 1602530080.3823817, 1602530085.4197536, 1602530092.8207524, 1602530112.5816867, 1602530131.3248007], "episode_lengths": [279, 200, 100, 165, 195, 200, 113, 170, 462, 439], "episode_rewards": [239.59738118493016, -18.351380863072364, 33.46599271645988, -3.434362196313387, 46.1109981648066, 5.549960375129345, 35.787281160335056, 0.1474953217590098, 168.9961298550037, 7.601934010234487], "episode_types": ["t", "t", "t", "t", "t", "t", "t", "t", "t", "t"]}